<?xml version="1.0" encoding="UTF-8"?>

<root-container name="Depot de rapport" width="1353" height="459">
  <node name="Debut" x="-13" y="50" width="132" height="36">
    <edge>
      <label x="5" y="-10"/>
    </edge>
  </node>
  <node name="Depot du rapport (SFD)" x="190" y="45" width="132" height="36">
    <edge>
      <label x="5" y="-10"/>
    </edge>
  </node>
  <node name="node1" x="769" y="21" width="132" height="36">
    <edge>
      <label x="5" y="-10"/>
    </edge>
  </node>
  <node name="Traitement du rapport(ARSM)" x="772" y="134" width="132" height="36">
    <edge>
      <label x="5" y="-10"/>
    </edge>
    <edge>
      <label x="5" y="-10"/>
    </edge>
  </node>
  <node name="node2" x="25" y="162" width="132" height="36">
    <edge>
      <label x="5" y="-10"/>
    </edge>
  </node>
  <node name="Recevoir commentaires" x="44" y="281" width="132" height="36">
    <edge>
      <label x="5" y="-10"/>
    </edge>
  </node>
  <node name="node3" x="805" y="322" width="132" height="36">
    <edge>
      <label x="5" y="-10"/>
    </edge>
  </node>
  <node name="end-state2" x="29" y="391" width="132" height="36"/>
  <node name="end-state1" x="1094" y="124" width="132" height="36"/>
  <deployment graphicalInfoFile="/WorkflowFinal/src/main/jpdl/.WF.gpd.xml" imageFile="/WorkflowFinal/src/main/jpdl/WF.jpg" serverName="localhost" serverPort="8080" serverDeployer="/jbpm-console/upload">
    <classesAndResources>
      <element type="java" value="/WorkflowFinal/src/main/java/com/sample/action/MessageActionHandler.java"/>
      <element type="java" value="/WorkflowFinal/src/main/java/com/sample/action/LockByArsmDocument.java"/>
      <element type="java" value="/WorkflowFinal/src/main/java/com/sample/action/LockDocumentHandler.java"/>
      <element type="java" value="/WorkflowFinal/src/main/java/com/sample/action/NodeRefusedAction.java"/>
      <element type="java" value="/WorkflowFinal/src/main/java/com/sample/action/RefusedDocumentHandler.java"/>
      <element type="java" value="/WorkflowFinal/src/main/java/com/sample/action/RefusedValidation.java"/>
      <element type="java" value="/WorkflowFinal/src/main/java/com/sample/action/UnlockDocumentHandler.java"/>
      <element type="java" value="/WorkflowFinal/src/main/java/com/sample/action/ValidateDocument.java"/>
      <element type="java" value="/WorkflowFinal/src/main/java/com/sample/Assignement/AssignArsm.java"/>
      <element type="java" value="/WorkflowFinal/src/main/java/com/sample/action/ValidateMail.java"/>
    </classesAndResources>
    <additionalFiles>
      <element value="/WorkflowFinal/src/main/jpdl/forms.xml"/>
      <element value="/WorkflowFinal/src/main/jpdl/PropertyGroup.xml"/>
      <element value="/WorkflowFinal/src/main/jpdl/forms.xml"/>
    </additionalFiles>
  </deployment>
</root-container>
